Candice|Langley|et.ultrices.posuere@facilisiseget.com|16440529 4978|Knokke|West-Vlaanderen|9332 Sed Rd.
Aiko|Peck|neque.Sed@Nullafacilisis.ca|16900701 0987|Arviat|Nunavut|P.O. Box 755, 5497 Risus. Road
Beck|Curry|non@duiquisaccumsan.ca|16830717 8080|Guadalupe|San José|Ap #572-9450 Sit St.
Quemby|Larsen|quis.tristique.ac@magna.net|16880623 7718|Iquique|Tarapacá|3234 Vitae Av.
Iris|Jones|interdum@nuncsed.com|16710511 1558|Puerto López|MET|Ap #292-9426 Erat, Av.
Gregory|Ellis|pellentesque.a@aliquetmetusurna.com|16991112 8529|Hyères|Provence-Alpes-Côte d'Azur|P.O. Box 199, 5357 At Rd.
Palmer|Clements|ipsum@euismod.edu|16050612 0476|Vienna|Vienna|7118 Posuere St.
Cameron|Myers|justo@ipsumdolorsit.net|16001206 6478|Berlin|Berlin|Ap #372-7824 Magnis Rd.
Alexander|Parks|dictum.Phasellus@Namligulaelit.edu|16100516 6176|Kraków|MP|Ap #476-1902 Bibendum Avenue
Jessamine|Byers|scelerisque.sed@Donec.com|16990710 0946|Madrid|MA|P.O. Box 496, 2483 At Ave
Xander|Williamson|Duis@Aliquam.com|16410526 1327|Boulogne-Billancourt|IL|361-6180 Eget Ave
Sara|Hendricks|orci.Ut.semper@idmagna.com|16621005 5155|São José dos Pinhais|Paraná|Ap #830-1378 Magna. Street
Hunter|Yates|non.enim@non.com|16310808 5204|Wallasey|Cheshire|2175 Nostra, Street
Shay|Franklin|nunc@vitaemaurissit.org|16591118 5378|Camaçari|BA|2191 Auctor Avenue
Cade|Macdonald|Aliquam.rutrum@tinciduntnuncac.net|16840908 0051|Berlin|Berlin|315-1051 Donec Rd.
Nasim|Chang|Aliquam.erat.volutpat@aliquetnecimperdiet.co.uk|16250505 6297|Istres|Provence-Alpes-Côte d'Azur|8631 Pharetra. Ave
Camille|Yang|interdum.libero.dui@Integereulacus.co.uk|16720304 0279|Jonesboro|AR|248-2469 A, Road
Yuri|Shannon|nibh@odioAliquamvulputate.co.uk|16931224 5021|Codó|Maranhão|Ap #216-1019 Litora Rd.
Linda|Robles|elit@Sedeget.net|16981111 0346|Knoxville|TN|Ap #626-7439 Donec Road
Adrienne|David|fermentum.fermentum@facilisisnon.com|16730709 5708|Carapicuíba|São Paulo|Ap #973-2604 Non Avenue
Marah|Jacobson|eu.enim@nequeNullam.net|16631009 5549|Bengkulu|BE|592-8155 Non Av.
Ursula|Ortiz|consequat.lectus.sit@Duisvolutpat.edu|16480729 9294|Kraków|MP|3205 Fusce Ave
Kiara|Velasquez|sociis.natoque.penatibus@aliquamadipiscinglacus.edu|16191225 9817|Bordeaux|Aquitaine|7379 Semper, Rd.
Hiram|Mcclure|Sed@sem.net|16600601 2683|Morvi|Gujarat|739-9241 Neque. Rd.
Adrian|Sanchez|enim.Etiam.gravida@dolorvitae.ca|16780401 1216|Barranquilla|Atlántico|Ap #102-2207 Tristique Rd.
Dexter|Baird|ut.lacus@sit.edu|16310414 3643|Ohain|WB|305-4260 Ridiculus St.
Steven|Bird|velit@sedestNunc.com|16550302 1833|Liévin|NO|P.O. Box 553, 7574 Parturient Ave
Clio|Stevenson|Duis.gravida.Praesent@ametdiam.co.uk|16701203 4760|Moradabad|Uttar Pradesh|P.O. Box 469, 8169 Mauris Street
Venus|Barry|ac.nulla.In@hendrerit.org|16450316 7514|Charters Towers|QLD|P.O. Box 248, 4276 Neque Rd.
Louis|Moreno|blandit.congue@nasceturridiculus.edu|16630407 1803|Kungälv|Västra Götalands län|507-5121 Amet, Avenue
Thane|Mcmahon|ac@massalobortis.ca|16170320 5342|Grand Island|NE|Ap #222-3492 Lobortis Rd.
Travis|Brown|nec.malesuada@Suspendissecommodotincidunt.com|16430330 5892|Tapachula|Chi|Ap #969-6615 Lectus Road
Michael|Wooten|odio.vel@Cumsociis.net|16571227 6053|San Miguel|RM|589-8602 Sociis Road
Gwendolyn|Hale|Nulla.eget@Vestibulumaccumsanneque.co.uk|16141128 3185|Belfast|U|1893 Ligula. St.
Jolene|Bauer|eu@enimMaurisquis.co.uk|16130305 2268|Workington|Cumberland|3747 Velit. Street
Jillian|Mays|vel@nullaIntincidunt.org|16560229 3671|Jerez de la Frontera|AN|9847 Quis, Rd.
Vera|Ochoa|ipsum.ac@liberoat.net|16440326 0716|Montpellier|QC|P.O. Box 170, 9150 Et, Rd.
Charlotte|Clemons|rutrum.magna.Cras@sodales.edu|16971229 0429|Wollongong|NSW|695-8139 Gravida St.
Delilah|Lowe|amet@tellus.com|16110118 6086|Ballarat|Victoria|Ap #108-9268 Lacus. Rd.
Moses|Hawkins|risus@magnatellusfaucibus.edu|16241220 5300|Cartagena|MU|Ap #319-1081 Egestas Road
Ferris|Campbell|Donec@imperdieterat.net|16700516 8864|Murmansk|MUR|5914 Nunc Road
Olga|Gilbert|vel.vulputate.eu@loremsit.ca|16650222 1218|Norrköping|E|Ap #907-7397 Luctus Rd.
Calvin|Meyer|gravida@MaurisnullaInteger.net|16091210 6028|Kasur|Sindh|P.O. Box 355, 7428 Eget Road
Malik|Porter|felis@euodio.org|16190613 6492|Patos|PB|199 Ut Ave
Jarrod|Hamilton|elit.pretium@malesuada.edu|16491014 5673|Wayaux|HE|759-1282 Sollicitudin St.
Karina|Hebert|et.nunc@idantedictum.com|16391227 8177|Roosendaal|Noord Brabant|882-6210 Aliquet Ave
Callum|Miranda|dictum.Proin.eget@ametrisusDonec.edu|16700817 7755|San Rafael|San José|P.O. Box 149, 4186 Amet Ave
Micah|Castillo|lectus.convallis@facilisisvitaeorci.ca|16310813 6379|Dublin|Leinster|451-9689 At Avenue
Sean|Strong|ac.orci.Ut@CuraeDonec.ca|16561213 0053|Hangu|Khyber Pakhtoonkhwa|Ap #481-1062 Sollicitudin Ave
Xena|Mcdowell|egestas.hendrerit.neque@temporlorem.co.uk|16610706 7693|Villahermosa|Tabasco|P.O. Box 105, 8784 Quis, Road
Melissa|Soto|imperdiet.ullamcorper.Duis@elementumloremut.co.uk|16280607 5830|Tehuacán|Pue|Ap #907-8772 Nunc. Av.
September|Skinner|ac@lacuspedesagittis.ca|16360827 8192|Kostroma|Kostroma Oblast|993-6713 Lobortis. St.
Britanney|Ruiz|elit@elit.ca|16650601 5863|Chiclayo|LAM|Ap #828-3823 Lobortis Rd.
Christopher|Ross|sapien.molestie.orci@sagittisNullamvitae.ca|16260305 1893|Blitar|East Java|8945 Mauris St.
Susan|Hamilton|Ut.semper.pretium@a.co.uk|16120427 8376|Tanjungbalai|SU|Ap #980-7902 Nunc Ave
Wang|Henderson|risus.Donec.egestas@felisDonectempor.co.uk|16310604 9129|Semarang|Central Java|358-7089 Ipsum Rd.
Jason|Larsen|laoreet.ipsum.Curabitur@egestasa.org|16400803 3823|Vienna|Vienna|7563 Ultrices Ave
Aretha|Elliott|amet.consectetuer.adipiscing@Praesent.edu|16041121 8746|Dover|DE|Ap #353-7091 A Street
Plato|Duffy|augue@ipsum.net|16950630 7330|Omsk|Omsk Oblast|Ap #618-8415 Donec Ave
Edward|Ortiz|risus@Sedpharetrafelis.com|16870206 1378|Berlin|Berlin|6499 Ridiculus Avenue
Nadine|Hensley|ligula.Nullam.feugiat@id.co.uk|16651228 1715|Hisar|HR|Ap #282-4248 Turpis. Rd.
Jerome|Koch|Suspendisse@semper.org|16470110 4582|Berlin|Berlin|740-8892 Erat, Road
Kelly|Gilbert|urna.Ut.tincidunt@cursus.com|16490801 0541|Cañas|Guanacaste|954-4380 Tincidunt Rd.
Aline|Franks|velit.Quisque.varius@atortorNunc.org|16100703 1790|Saratov|Saratov Oblast|1825 Mollis. Street
Quinn|England|et.netus.et@dapibus.net|16300803 4310|Almería|AN|482-3835 Suscipit, St.
Kasimir|Spence|Vivamus.sit@nibhlaciniaorci.net|16570527 2390|Ankara|Ankara|4830 In Rd.
Arsenio|Joyner|Sed.eu.eros@Duis.ca|16921206 3359|Heerhugowaard|Noord Holland|P.O. Box 903, 284 Imperdiet Road
Yuli|Marks|commodo@inceptoshymenaeos.co.uk|16320504 2991|Seydişehir|Konya|P.O. Box 441, 6474 Magnis Road
Dieter|Stanton|gravida.nunc.sed@auctor.com|16080827 5671|Sapele|Delta|735-3174 Ut, St.
Colt|Barnett|tempus.risus.Donec@Integervulputate.net|16960601 4968|Tarnów|Małopolskie|139-6190 Eu Av.
Nero|Abbott|vel.pede.blandit@hendreritDonec.edu|16990302 3480|Pontevedra|Galicia|P.O. Box 743, 4056 Aliquet, Ave
Garth|Phillips|quis.arcu@et.org|16591007 1694|Waiheke Island|NI|Ap #580-4848 Ligula Ave
Dorothy|Shields|mollis@suscipit.co.uk|16930722 1557|Bandar Lampung|LA|284-8658 Sem Avenue
Walker|Munoz|Pellentesque@Maecenaslibero.com|16450830 8311|Juneau|Alaska|P.O. Box 534, 7224 Mollis. St.
Ciara|David|In.lorem.Donec@auctor.co.uk|16010907 4534|Hoorn|N.|811-2434 Eu Rd.
Maya|Medina|massa.Integer.vitae@sitametnulla.edu|16280216 4265|Humbeek|VB|5502 Orci, Road
Adara|Chan|augue.id@antedictummi.org|16060819 4346|Aurora|Ontario|P.O. Box 689, 9334 Suspendisse Street
Yolanda|Mcleod|fringilla@Sed.net|16770625 4237|Vienna|Vienna|Ap #563-8710 Scelerisque Street
Craig|Ochoa|Nunc.lectus@risus.ca|16730330 6687|Newark|DE|204-6876 Id Rd.
Todd|Ramsey|Cras.eget@dignissim.com|16371109 3322|Breda|N.|Ap #941-3796 Dictum Street
Hadassah|Mathews|varius.orci.in@elit.org|16630826 0139|Karacabey|Bursa|967-4609 Magna Road
Ferdinand|Cantu|ultrices.posuere.cubilia@mi.net|16580205 0871|Alexandra|SI|Ap #880-8929 Pharetra. Rd.
Martena|Stephens|varius.ultrices.mauris@nonvestibulum.co.uk|16391213 1541|Vienna|Wie|5929 Tincidunt Road
Orli|Sanford|mi.felis@auctor.net|16580722 5270|Awka|Anambra|7143 Mattis Ave
Cullen|Welch|feugiat@IntegerurnaVivamus.net|16950405 4033|Phoenix|AZ|711-660 Sem Avenue
John|Dean|sit.amet@erat.org|16491117 0779|Vienna|Wie|Ap #857-7967 Mollis St.
Connor|Mack|feugiat@facilisisnonbibendum.com|16850313 8128|North Bay|ON|P.O. Box 205, 8723 Aenean Avenue
Orli|Jacobson|magna@ullamcorperDuis.com|16550116 9741|Eindhoven|N.|Ap #151-8883 Lorem Av.
Honorato|Blanchard|ipsum.dolor@erosnec.net|16220414 0848|Huntingdon|HU|P.O. Box 212, 9856 Molestie St.
Fay|Obrien|Vivamus.molestie@necmollisvitae.net|16490230 7166|Lozzo Atestino|VEN|Ap #665-8326 Vel, Avenue
Henry|Pennington|a@tincidunt.edu|16360803 5030|Goes|Zl|P.O. Box 279, 902 Non Rd.
Catherine|Sharpe|erat.vitae@gravida.edu|16600605 2846|Owensboro|KY|1122 Nunc. Ave
Daryl|Mckinney|luctus@quam.com|16360227 0542|Blevio|LOM|307-2744 Malesuada. Road
Byron|Walker|Integer.tincidunt.aliquam@ante.co.uk|16851030 1933|La Ligua|Valparaíso|P.O. Box 265, 6576 Eleifend Road
Ciaran|Griffith|libero.Integer.in@nonhendreritid.com|16130708 2329|Murcia|MU|206-2668 Risus. St.
Roary|Ward|in@quis.ca|16060310 3029|La Seyne-sur-Mer|PR|3734 Et, Rd.
Flynn|Pratt|tristique.neque.venenatis@nonsollicitudina.co.uk|16360912 6549|Uyo|Akwa Ibom|Ap #680-562 Sed Rd.
Kristen|Nguyen|felis.orci@porttitorvulputate.net|16670125 5736|Juliaca|PUN|P.O. Box 287, 9910 A, Ave
Randall|Lindsay|Mauris.vel.turpis@liberoProinsed.co.uk|16521118 4956|Saltillo|Coahuila|P.O. Box 790, 3776 Nunc. Rd.
Buckminster|Wiley|malesuada.malesuada.Integer@Phasellus.com|16130926 2754|El Bosque|RM|Ap #336-5723 Nunc Street
Hermione|Henson|est@sodales.co.uk|16810911 8607|Saint Paul|Minnesota|P.O. Box 591, 1944 Non St.
Leigh|Benton|facilisis.lorem@malesuada.ca|16391026 7792|Depok|JB|P.O. Box 628, 4432 Ac Av.
Kristen|Warner|Quisque.ac@ornarelectus.org|16860602 6055|La Paz|Baja California|P.O. Box 773, 9989 Ullamcorper, Street
Bertha|Woodward|arcu.Morbi.sit@ornareegestasligula.ca|16910630 3085|Mansfield|Nottinghamshire|Ap #678-9614 Ridiculus Av.
Aquila|Haley|enim.Etiam.imperdiet@mollisnec.ca|16240803 1652|Alcalá de Henares|MA|Ap #384-4002 Aliquet Rd.
Vladimir|Munoz|Sed.eget@ornareFuscemollis.org|16230121 1971|Belogorsk|AMU|P.O. Box 207, 7694 Placerat. Rd.
Rylee|Rodriquez|Maecenas.ornare.egestas@anteMaecenasmi.com|16500701 2452|Täby|AB|P.O. Box 576, 4136 Nulla. Road
Samantha|Leonard|ante@ametmassa.com|16901015 0754|Mata de Plátano|SJ|P.O. Box 499, 3469 In Ave
Harper|Bell|pede@hendrerita.edu|16510318 1912|Los Angeles|California|605-9538 Aliquet Road
Gemma|Harris|fermentum.vel@nequenonquam.ca|16550329 0800|Bauchi|Bauchi|291-1288 Convallis Rd.
Arthur|Griffin|pharetra.ut@aliquetsem.com|16060820 2701|León|CL|P.O. Box 578, 991 Tempus, Street
Rudyard|Snyder|Mauris.quis.turpis@etarcu.ca|16940716 6371|Berlin|BE|P.O. Box 458, 1131 Mauris. Street
Dante|Delgado|molestie.arcu@augue.co.uk|16080109 4665|Hamburg|HH|Ap #110-4725 Orci. Road
Ruby|Ballard|ipsum.leo@semperetlacinia.edu|16510229 4864|Lambayeque|Lambayeque|6259 Ante Road
Reece|Jordan|mi.Duis@lacusvariuset.ca|16650306 7263|Vienna|Wie|982-4389 Nunc. Rd.
Ivana|Kirk|vel.arcu@libero.org|16801112 3109|Moerbeke|OV|P.O. Box 672, 9602 Lorem Road
Conan|Tate|eget@commodohendrerit.net|16920921 7828|Nicoya|Guanacaste|Ap #507-6680 Molestie Ave
Harlan|Sanders|Nam@euodioPhasellus.edu|16640905 6287|Mazzano Romano|LAZ|P.O. Box 417, 3057 Vulputate Avenue
Knox|Hughes|enim.commodo@dignissimMaecenasornare.co.uk|16030914 9615|Vöcklabruck|OÖ.|4291 Libero Av.
Wyatt|Hill|est.ac.facilisis@adipiscing.edu|16640128 6874|Juazeiro|BA|Ap #651-2558 Ac, Avenue
Yeo|Thornton|varius@at.edu|16250730 3598|Cimahi|JB|657-5792 Neque Rd.
Margaret|Sparks|quis.turpis.vitae@eu.org|16230212 6723|Springfield|IL|Ap #249-6573 Suspendisse St.
Chase|Francis|rhoncus.Proin@dapibusgravida.ca|16251230 4185|Bath|ON|8631 Nunc. Street
Kiayada|Pope|dictum.magna@enim.com|16831211 3544|Mont|Luxemburg|5382 Nulla. Street
Cheryl|Alexander|hendrerit.a@Maurisblanditenim.org|16491219 7243|Siedlce|Mazowieckie|Ap #896-9301 Ac, Rd.
Geraldine|Leon|auctor@semmagnanec.ca|16720317 3161|Tarnów|Małopolskie|213-2362 Praesent St.
Kenyon|Riggs|ac@condimentumDonec.net|16750812 7730|Mojokerto|JI|5693 Quisque Rd.
Malachi|Freeman|nunc.ullamcorper@vehicularisus.edu|16461224 0228|Cirebon|West Java|6268 Vitae Av.
Pandora|Glass|non.bibendum@Donec.ca|16530904 0045|Zeebrugge|West-Vlaanderen|757 Tempus Rd.
Marshall|Atkins|rhoncus.Nullam.velit@nibhvulputatemauris.edu|16160401 9545|Münster|NW|Ap #714-3639 Arcu. Avenue
Phelan|Montgomery|eros.non@rutrummagnaCras.com|16750505 7856|Bathgate|WL|887-2109 Et, St.
Dawn|Foreman|nibh.Donec@tellus.edu|16920320 1547|San Joaquín|RM|Ap #752-7538 Elementum Ave
Callum|Burke|lorem.sit.amet@ac.co.uk|16201009 8412|Denver|Colorado|Ap #571-2830 Aliquam Av.
Armand|Nielsen|dignissim@Duisrisusodio.com|16811101 4638|Mataró|CA|570 A, St.
Christian|Gray|dui.lectus.rutrum@felisullamcorper.com|16541123 2266|Spijkenisse|Z.|2009 Semper Street
Hedy|Casey|eu.sem@et.edu|16840606 6517|Fairbanks|AK|P.O. Box 608, 6425 Fames Street
Carolyn|Townsend|amet.faucibus.ut@est.edu|16340109 6999|Galway|Connacht|614-5020 Nec, St.
Rowan|Love|risus.In.mi@inmolestietortor.edu|16540708 7260|Upper Hutt|NI|1239 Tincidunt Rd.
Autumn|Owen|lacus.vestibulum.lorem@Fusce.com|16851022 9548|Medellín|Antioquia|9231 Ullamcorper, Ave
Zoe|Stephenson|adipiscing@Aliquamornare.com|16691104 8137|Rotterdam|Z.|Ap #558-1746 Etiam Street
Karina|Mcfarland|ligula.consectetuer@velfaucibusid.com|16060226 9219|De Klinge|Oost-Vlaanderen|P.O. Box 287, 695 Facilisis Avenue
Jaime|Cruz|lacinia.at.iaculis@morbitristiquesenectus.edu|16590920 6459|Karapınar|Konya|314-8380 Praesent Rd.
Georgia|Barton|sed@tempusloremfringilla.org|16770213 0787|Ourense|GA|Ap #202-9430 Ornare, Rd.
Arsenio|Hampton|a@arcu.com|16310323 8634|Zaragoza|AR|P.O. Box 712, 400 Tempor St.
Hayley|Bowers|lorem@ametornarelectus.net|16090624 0478|Manukau|North Island|P.O. Box 220, 1726 Vulputate Avenue
Kirsten|Kent|metus.Vivamus@Classaptenttaciti.edu|16190328 1663|Kalken|OV|Ap #538-9508 Felis Rd.
Nayda|Ware|vitae@Curae.edu|16200628 3150|Hattian Bala|AK|P.O. Box 778, 3388 Vitae St.
Pandora|Hartman|condimentum.eget@ipsumleo.org|16590514 8671|San Isidro de El General|SJ|Ap #470-5781 Vitae Avenue
Nasim|Mccormick|laoreet.posuere@arcuSed.org|16670503 2081|Cambridge|Massachusetts|P.O. Box 447, 7067 Commodo St.
Drew|Fowler|facilisis.non@velvulputateeu.net|16860325 9865|Malambo|Atlántico|P.O. Box 986, 1104 Et Avenue
Chiquita|Clayton|vitae@anequeNullam.co.uk|16861109 2159|Dublin|Leinster|913-8657 Tristique Ave
Rose|Quinn|Integer.vitae@augueSedmolestie.edu|16090503 0516|Épinal|LO|P.O. Box 675, 2001 Nunc Rd.
Karyn|Stokes|Nullam.lobortis.quam@Duisacarcu.co.uk|16050509 3351|Galway|Connacht|970-1436 Lacus. Road
Caryn|Albert|at.velit.Cras@vestibulumMauris.edu|16420502 2009|Parramatta|New South Wales|267-9694 Augue St.
Vera|Lawrence|tempus.eu.ligula@miAliquamgravida.co.uk|16110201 4170|New Quay|Cardiganshire|518-6551 Aenean Av.
Evan|Tyson|lobortis.quam.a@non.com|16070301 2369|Mataró|CA|970 Fringilla, Avenue
Katelyn|Rivera|magna.Phasellus@Maurisvestibulum.org|16920105 4492|Gumi|North Gyeongsang|P.O. Box 638, 3219 Metus Av.
Uriah|Chaney|scelerisque@ac.org|16770504 3839|Cartagena|V|P.O. Box 813, 962 Vitae, Av.
Hashim|Richardson|Praesent.interdum@sagittis.net|16460317 8627|Te Awamutu|NI|522-4731 Dolor, St.
Thor|Wagner|et@Proinvel.edu|16751219 1292|Mamuju|West Sulawesi|275-7182 Nec, St.
Karleigh|Compton|at.risus@utnulla.ca|16710222 0295|Toulon|Provence-Alpes-Côte d'Azur|224 Dictum. Av.
Isaiah|Knox|Mauris.ut.quam@tristiqueneque.com|16360319 3370|Bathurst|NSW|Ap #328-4973 Mauris Ave
Eaton|Hewitt|Ut.tincidunt@Curabitur.net|16961007 7498|Bridgeport|Connecticut|Ap #235-1637 Condimentum. Street
Idona|Morgan|a.facilisis@fermentummetusAenean.edu|16020708 3668|Habay-la-Neuve|LX|435-4248 Sagittis Rd.
Silas|Fox|vulputate.nisi@nonummyacfeugiat.com|16610508 2660|Elbląg|Warmińsko-mazurskie|5339 Velit St.
Jason|Drake|enim.diam.vel@atarcu.com|16610521 9643|Champigny-sur-Marne|IL|345-5318 Nec, Road
Karleigh|Ballard|suscipit.est@adipiscingligulaAenean.ca|16880420 8240|Olympia|Washington|737-9421 Mattis Ave
Dana|Tillman|ac.turpis@sit.co.uk|16490306 8031|Heredia|H|4614 Sodales Street
Martha|Page|magnis@nuncIn.edu|16500725 0961|Leganés|Madrid|Ap #787-2483 Augue Rd.
Rebekah|Joyce|Curae.Donec@pharetraNamac.com|16580114 7843|Essen|NW|Ap #359-3752 Ut, Av.
Ferdinand|Beasley|a.malesuada@In.com|16250804 9455|Maple Creek|SK|P.O. Box 386, 7996 Suscipit, Rd.
Karleigh|Meadows|elementum.dui@Donecporttitor.ca|16510129 3297|Semarang|JT|P.O. Box 376, 9933 Vitae Rd.
Xaviera|Blair|vel@Phasellus.net|16861103 0688|Gilgit|GB|4575 Vehicula. Av.
Arthur|Lambert|Fusce.aliquam.enim@augue.com|16320814 8605|Whitburn|West Lothian|Ap #426-1721 Amet Rd.
Carter|Cohen|vitae@elitpellentesque.edu|16270424 0080|North Shore|NI|Ap #303-2468 Mi, Avenue
Zia|Ward|Vestibulum.ante.ipsum@facilisisnonbibendum.net|16220616 8268|Pointe-aux-Trembles|Quebec|P.O. Box 557, 7185 Nec Av.
Jennifer|Ferguson|sed.dui@dolorQuisquetincidunt.ca|16570902 3542|Woerden|Utrecht|8918 Molestie Road
Damon|Singleton|tincidunt@faucibusleoin.co.uk|16601004 6677|Castello Tesino|Trentino-Alto Adige|P.O. Box 403, 7480 Nulla Ave
Leonard|Dillon|ipsum.cursus@faucibus.net|16810406 5100|Dera Bugti|Balochistan|307-5182 Erat Avenue
Ingrid|Myers|nec.tempus.scelerisque@Suspendissecommodotincidunt.org|16570828 9789|South Burlington|VT|1238 Dictum St.
Elijah|Chaney|ut.cursus@magnaUt.org|16500707 8370|Łomża|Podlaskie|7825 Aliquet Rd.
Xerxes|Singleton|tincidunt@odio.co.uk|16240803 7832|Cherepovets|Vologda Oblast|Ap #667-2986 Semper, Av.
Zelenia|Howell|magna.Ut@aliquet.com|16861225 1549|Cuautla|Mor|4333 Euismod St.
Octavia|Guy|Etiam.bibendum@fringillaeuismod.co.uk|16941118 9880|Moulins|AU|854-6634 Eu Street
Ethan|Harris|sed.leo.Cras@faucibuslectus.co.uk|16260627 3163|St. Ives|HU|P.O. Box 678, 4567 Eu Ave
Shaeleigh|Romero|cubilia.Curae.Phasellus@magna.org|16720927 5598|Keswick|Cumberland|Ap #342-7908 Fusce Road
Chaim|Callahan|cursus.purus@vel.ca|16540720 9880|Santa Inês|Maranhão|127-6589 Dui St.
Dillon|Webster|non.egestas@id.org|16911113 2255|Newtonmore|Inverness-shire|270-4830 Mollis. Av.
Doris|Oneal|dolor@commodo.com|16140201 4599|Pitlochry|Perthshire|P.O. Box 411, 5544 Nunc Rd.
Griffith|Buck|ornare.sagittis.felis@Sed.edu|16441016 6369|Hafizabad|PU|2400 Ut Rd.
Avram|Cotton|ligula@metusVivamuseuismod.ca|16210701 9651|Hamburg|HH|7226 Est Rd.
Nayda|Fleming|blandit.viverra.Donec@DonecegestasAliquam.com|16790908 6535|Coelemu|VII|3133 Vel Street
Olympia|Wells|nulla.In.tincidunt@mauris.org|16460905 6728|Vitrolles|PR|Ap #268-139 Rutrum St.
Hedda|Rodgers|sed.libero@diamPellentesque.co.uk|16480527 6468|Colombo|Paraná|Ap #911-8563 Rutrum Street
Raja|Powell|libero.Integer@Morbi.org|16220714 5091|Suxy|Luxemburg|944-3641 Montes, Rd.
Xena|Frederick|at.arcu.Vestibulum@mi.co.uk|16771015 6121|Flushing|Zeeland|P.O. Box 301, 6497 Laoreet St.
Lucy|Kemp|Cras.sed.leo@eleifendvitae.co.uk|16240326 8978|Attock|Punjab|304-1453 Nisi St.
Whoopi|Church|purus.gravida@porttitor.net|16480105 9975|Kurram Agency|FA|Ap #688-1529 Phasellus Av.
Mariko|Alston|sociosqu.ad.litora@natoquepenatibuset.org|16920522 8498|Edmonton|AB|P.O. Box 749, 5346 Non Ave
Allistair|Meyers|Quisque@commodoauctorvelit.net|16240419 5378|Ashburton|South Island|Ap #254-9669 Tellus. St.
Orla|Glass|magna@malesuada.edu|16530404 1766|San José de Alajuela|Alajuela|P.O. Box 564, 9985 Turpis. Ave
Latifah|Kirby|dui@augueporttitor.co.uk|16720220 9487|Mannekensvere|West-Vlaanderen|P.O. Box 125, 2369 Tristique Road
Mariko|Hancock|interdum.feugiat.Sed@magnaNamligula.com|16861218 8634|Kursk|KRS|P.O. Box 625, 158 Sed St.
Carter|Kennedy|eu.elit.Nulla@sem.edu|16820808 0583|Berlin|BE|6718 Fringilla Avenue
Timon|Clements|magnis@tortorNunccommodo.com|16180412 7353|Sibi|BL|P.O. Box 427, 3980 Vulputate, Av.
Ross|Schultz|Donec.porttitor@nullaDonec.com|16930602 0307|Istanbul|Ist|442-2108 Nunc Rd.
August|Workman|elit.Nulla.facilisi@consectetuercursuset.org|16130707 5653|Banjar|West Java|P.O. Box 787, 9663 Blandit Avenue
Sybill|Foster|pede@acmattisvelit.edu|16680101 7507|Jelenia Góra|Dolnośląskie|529-3084 Elit St.
Pandora|Farmer|magna@ipsum.co.uk|16250217 3053|Poznań|WP|160-1127 Quisque Avenue
Bryar|Cantrell|Vivamus.molestie.dapibus@Ut.co.uk|16650712 1942|Subiaco|WA|102-3034 Proin Ave
Chiquita|Dorsey|Donec@conubianostraper.co.uk|16930421 0405|Upplands Väsby|Stockholms län|122-1288 Ipsum Av.
Desirae|Dickerson|montes.nascetur.ridiculus@Donecluctusaliquet.edu|16910727 7718|Cádiz|Andalucía|2133 Donec Av.
Tobias|Jones|vulputate.lacus.Cras@facilisiSed.co.uk|16460114 8820|Bremen|HB|663-7741 Ad Avenue
Brenna|Carney|adipiscing@egestas.co.uk|16551108 2835|Tula|TUL|P.O. Box 976, 195 Accumsan Road
Sybil|Stevens|egestas.urna@utnisi.org|16780613 8249|Rotorua|NI|209-3086 Eros. Road
Oscar|Dotson|malesuada@auguemalesuada.co.uk|16260213 3254|Koblenz|RP|Ap #487-448 Vel Rd.
Channing|Vargas|senectus.et@nibh.edu|16280424 9973|Huacho|LIM|Ap #269-6760 Laoreet Road
Dora|Nieves|vel.turpis.Aliquam@pede.ca|16340528 8618|Saratov|Saratov Oblast|Ap #608-2997 Pellentesque Street
Ariana|Myers|in.faucibus.orci@condimentumDonecat.org|16200926 9479|Pachuca|Hgo|7935 Montes, Avenue
Serina|Brooks|lacinia@egestasa.net|16081217 7780|Essex|Vermont|Ap #796-1016 Purus, Rd.
Hamilton|Lynch|tellus.id@metus.ca|16310615 0018|Lambayeque|LAM|790-8138 A, Rd.
Lynn|Lloyd|a.nunc.In@Sedauctorodio.net|16500707 0724|Siedlce|MA|2795 Blandit St.
Upton|Sargent|et.tristique.pellentesque@dolortempusnon.co.uk|16210315 3033|Anamur|Mersin|725-4823 Aliquet Road
Herman|Porter|nibh@idsapien.net|16720217 0085|Viranşehir|Şanlıurfa|Ap #811-6783 Vivamus Road
Eden|Stewart|elit@Donecest.net|16610508 1936|Paita|PIU|203-754 Fermentum Av.
Tiger|Mcmillan|mus.Donec@posuere.edu|16850823 1837|Yahyalı|Kay|P.O. Box 491, 7692 Auctor Street
Octavius|Bernard|adipiscing@urna.ca|16200520 1153|Galway|C|602-5229 Aliquet, Road
Lucian|Strickland|sapien.Aenean@eratvolutpat.edu|16871213 1948|Hulst|Zeeland|5423 Mollis Street
Bruno|Mcclain|Curabitur.sed@elitAliquamauctor.edu|16321201 6467|Sargodha|PU|7983 Ultrices Road
Jayme|Brewer|ac.turpis@nequevenenatis.org|16530213 1783|Mobile|Alabama|586-4014 Ante Road
Montana|Kinney|dapibus.gravida.Aliquam@eudoloregestas.co.uk|16371212 7038|Kozan|Adana|Ap #567-8518 Ullamcorper St.
Blair|Mooney|convallis@atnisi.org|16411115 4474|Caruaru|Pernambuco|9235 Duis St.
Zia|Jacobson|ante@penatibuset.edu|16390417 4525|Saint John|New Brunswick|880-3221 Metus. St.
Chester|Farrell|sodales@consequat.co.uk|16630228 0257|Kirov|KIR|Ap #343-8806 Urna Avenue
Taylor|Valdez|pharetra.ut.pharetra@Namligulaelit.co.uk|16051029 1347|Perpignan|Languedoc-Roussillon|469-8103 Vestibulum Rd.
Nerea|Christian|vitae.semper.egestas@pede.co.uk|16041210 2170|Oryol|ORL|4517 Nunc Rd.
Kadeem|Ashley|facilisis@tellus.com|16101121 1677|Awka|AN|4583 Aliquam Rd.
Daphne|Sykes|ac@aliquet.net|16120627 3169|Bahawalpur|PU|212-4208 Proin Rd.
Cara|Sanchez|egestas@Vestibulumante.co.uk|16011106 3525|Oakham|Rutland|7201 Eleifend Rd.
Ciara|Harrell|urna.Vivamus.molestie@diam.org|16730126 6438|Chattanooga|Tennessee|2514 Ante Rd.
Doris|Gonzales|ac@mollisnon.co.uk|16700425 3931|Rionegro|Antioquia|Ap #173-5500 Ornare, St.
Zelenia|Guthrie|In.faucibus.Morbi@utpharetrased.ca|16740406 5976|Galbiate|Lombardia|P.O. Box 454, 6774 Nunc Av.
Paki|Perry|sem@velfaucibusid.com|16201119 3782|Giardinello|SIC|275-6854 Sapien Ave
Craig|Lopez|a.malesuada.id@euenim.org|16290520 0594|Colorado Springs|Colorado|P.O. Box 409, 4216 Cras Rd.
Coby|Carney|malesuada.Integer.id@Proinnisl.edu|16310216 3619|Chiniot|SI|309-804 Eget St.
Aidan|Galloway|aliquet@acmattis.edu|16140909 5377|Marabá|Pará|P.O. Box 139, 1985 Posuere, Avenue
Norman|Snyder|dignissim@adipiscingfringilla.co.uk|16431019 9601|Uiwang|Gye|142-5212 Nunc St.
Buckminster|Mcconnell|sociis.natoque.penatibus@augueSed.org|16240813 9547|Edam|Noord Holland|4841 Velit Av.
Danielle|Webb|adipiscing.lacus.Ut@dolorquamelementum.com|16101008 5676|Göksun|Kah|P.O. Box 355, 491 Donec Road
Lysandra|Prince|metus@risus.ca|16490330 0186|Minto|Ontario|1277 Ac Rd.
Kimberley|Coffey|lacinia.at@sagittis.co.uk|16330829 6635|Vienna|Vienna|P.O. Box 630, 1936 Erat, St.
Edward|Pratt|mauris.sapien.cursus@arcuMorbisit.ca|16361007 6758|Okene|Kogi|438-7155 Nunc Rd.
Rigel|William|nisl.elementum@tortor.org|16141201 3078|Casina|ERM|P.O. Box 589, 1940 Donec Street
Whoopi|Gentry|eu.ultrices@lectusconvallis.co.uk|16171003 9833|Liberia|Guanacaste|P.O. Box 742, 3997 A, Avenue
Bevis|Rosario|Aenean.eget@elitafeugiat.edu|16841127 8552|Envigado|ANT|Ap #294-8993 Aliquet Rd.
Rinah|Stone|sed@morbitristique.net|16070118 0838|Cartago|Cartago|P.O. Box 498, 5054 Interdum. Rd.
Gloria|Lott|pellentesque.tellus@Quisque.net|16161211 1623|Baubau|Southeast Sulawesi|P.O. Box 575, 7349 Integer Road
Logan|Britt|justo.eu.arcu@sit.com|16080416 0281|Kursk|KRS|Ap #465-8939 Vulputate, Rd.
Constance|Benton|lorem.vehicula.et@mattissemperdui.net|16090529 8873|Central Jakarta|Special Capital Region of Jakarta|6133 Libero. Rd.
Megan|Stewart|quis.lectus.Nullam@ideratEtiam.edu|16411218 6772|Dublin|Leinster|1560 Ultrices St.
Dara|Knapp|a.scelerisque@anteVivamusnon.co.uk|16060222 5559|Cork|M|Ap #789-8719 Magna. Ave
Virginia|Watson|vel@duiinsodales.co.uk|16060923 7714|Trollhättan|Västra Götalands län|126-5237 Libero. Road
Amery|Coleman|id@dolorsit.ca|16531030 8290|Siquirres|L|898-2456 A Ave
Penelope|Marshall|nec@velitPellentesque.net|16990125 1067|Martigues|PR|6828 Tempus St.
Eric|Dawson|Sed@luctus.net|16580311 2340|Amravati|MH|3534 Sed, St.
Scott|Haynes|urna.et@enim.com|16560828 1696|Hangu|KPK|7025 Id Ave
Yvonne|Moses|at.pede.Cras@eros.edu|16540517 6479|Ciudad Obregón|Sonora|Ap #500-4711 Odio Rd.
Fletcher|Burke|est.tempor.bibendum@porttitortellus.org|16850118 0882|Leduc|Alberta|P.O. Box 136, 1933 Sit Rd.
Rajah|Cole|libero@Praesenteunulla.co.uk|16280817 7410|Mogi das Cruzes|SP|P.O. Box 502, 5882 Tellus Rd.
Anthony|Sexton|Quisque.ac@nibhenim.com|16850520 9943|Miami|Florida|Ap #263-3042 Hendrerit. Avenue
Merrill|Buchanan|dapibus.rutrum.justo@eunibh.ca|16751206 2428|Berlin|BE|878-720 Sit Road
Owen|Paul|Cum.sociis.natoque@Nuncac.net|16211117 6968|Dillingen|Saarland|5630 In St.
Reese|Herring|dui.Suspendisse.ac@gravidanonsollicitudin.co.uk|16380127 5615|Rio de Janeiro|Rio de Janeiro|278-6035 Neque Road
Germane|Hunt|eget.varius@risusIn.com|16871224 6993|Rimbey|AB|448-264 Mollis Ave
Valentine|Shields|ut.molestie.in@id.org|16971107 8270|Malakand|Khyber Pakhtoonkhwa|Ap #616-3599 Laoreet Rd.
Ina|Gibson|Quisque.ornare@Nullam.net|16280425 5657|Gbongan|OS|570-7732 Luctus Ave
Harlan|Carney|mus.Donec@Uttincidunt.co.uk|16930618 3634|Lagos|LA|644-2378 Aliquam Av.
Derek|Wise|In.condimentum@parturient.ca|16510419 9749|Heusden|N.|1075 Facilisis St.
Camille|Davidson|ac.mattis@semelit.org|16801126 9068|Piura|PIU|602-3595 Massa. St.
Chiquita|Lang|tristique.aliquet.Phasellus@ac.net|16260412 2883|Vienna|Vienna|P.O. Box 533, 2113 Pede Street
Lani|Reid|ac.tellus@nonmagnaNam.com|16150420 3439|Frankfort|KY|P.O. Box 957, 4211 Justo St.
Yardley|Lowery|non@malesuada.net|16840905 2498|Istanbul|Istanbul|9548 Ultricies St.
Len|Fuller|Duis.cursus@sodales.com|16300619 2391|Onitsha|Anambra|5695 Curabitur St.
Berk|Winters|mauris.rhoncus.id@nibh.ca|16080217 5885|Guntur|Andhra Pradesh|P.O. Box 374, 7698 Nascetur Rd.
Walker|Pollard|Lorem@necluctus.edu|16901229 0368|Białystok|PD|Ap #441-8346 Proin Rd.
Keefe|Sellers|ac.urna@magnased.edu|16880214 8844|Bello|Antioquia|592-3041 Suspendisse St.
Halee|Emerson|mauris.sapien@anteipsumprimis.com|16990502 3587|Barranquilla|ATL|P.O. Box 457, 8744 Feugiat Street
Jenna|Lyons|Sed@egestasAliquamfringilla.ca|16550311 1527|Denderwindeke|Oost-Vlaanderen|P.O. Box 120, 7444 Mauris Rd.
Cameron|Gregory|volutpat.Nulla.dignissim@nec.org|16170530 7237|Kursk|KRS|223-4197 Justo Ave
Ferris|Kirk|quis.pede.Suspendisse@quamquis.org|16650618 3471|Camaragibe|PE|P.O. Box 207, 335 Orci. St.
Kirby|Cummings|quam.a@anteNuncmauris.net|16470223 0865|Mont|LX|P.O. Box 584, 5617 Ligula. Street
Eliana|Kirk|lorem.eu@aliquetPhasellusfermentum.co.uk|16510507 2952|Pica|Tarapacá|P.O. Box 463, 1607 Mauris St.
Logan|Nguyen|ac@dolor.net|16110213 0539|Salamanca|Castilla y León|Ap #990-8330 Lacus. Street
Jasper|Kemp|urna.Nullam@auctor.com|16920907 5069|San Rafael|A|1275 Aliquet Street
Jameson|Pickett|amet.consectetuer@accumsanneque.org|16090905 4439|Coquitlam|BC|Ap #316-2473 Molestie Avenue
Stephanie|Ortiz|sapien@feugiat.ca|16291113 9158|Tlaquepaque|Jal|8706 Fusce Rd.
Nyssa|Snow|consectetuer@ornareInfaucibus.edu|16841203 8203|Alajuelita|San José|Ap #246-5308 Enim St.
Abraham|Bradford|risus.at.fringilla@sagittisDuis.edu|16560914 3879|Tehuacán|Puebla|P.O. Box 622, 4069 Ut St.
Zelenia|West|amet@Integer.net|16610613 3496|Canberra|Australian Capital Territory|2505 Tincidunt. St.
Stacey|Maynard|Quisque.ornare.tortor@rutrummagna.com|16681202 5408|Lo Prado|Metropolitana de Santiago|Ap #266-1313 In Avenue
Cailin|Griffin|vulputate.ullamcorper.magna@egetmetus.edu|16061211 7275|Göteborg|Västra Götalands län|P.O. Box 128, 276 Feugiat. Rd.
Keegan|Rogers|Morbi.sit.amet@Morbimetus.edu|16041217 6166|Berlin|BE|917-7908 Nec St.
Noah|Fulton|Pellentesque@necimperdiet.ca|16220213 4108|Sechura|PIU|584-9894 Nisl Rd.
Laith|Odom|commodo.at.libero@porttitorinterdum.org|16950122 0827|Delhi|DL|6559 Natoque St.
Odysseus|Norton|tempor.augue@temporestac.ca|16081009 2999|Trevignano Romano|LAZ|370 Ipsum Street
Xyla|Stephenson|natoque.penatibus.et@nuncInat.com|16330901 1157|Metairie|LA|9799 Dui Road
Blythe|Price|sit@Inat.ca|16010513 1130|Dublin|L|893-3607 Consectetuer St.
Asher|Cherry|vel.lectus@sedconsequat.edu|16790501 3632|Bangor|ME|8601 Mus. Ave
Rhoda|Roach|sem.consequat.nec@vitae.ca|16820514 6635|Auckland|North Island|713-6373 Blandit Avenue
Micah|Harrison|dolor.Fusce.feugiat@Mauris.com|16950403 5578|Vienna|Wie|149-1964 Et Av.
Jin|Carson|consectetuer.ipsum.nunc@malesuada.ca|16150804 4185|Lithgow|New South Wales|Ap #149-1861 Amet, Ave
Ezekiel|Long|eget@Classaptenttaciti.com|16730501 2010|Semarang|JT|Ap #183-5545 Aliquam St.
Xyla|Vega|at@lacusUt.edu|16390623 5480|Lerum|Västra Götalands län|3378 Eu Ave
Judah|Mendoza|orci.adipiscing@CuraePhasellus.org|16820112 7225|Tasikmalaya|JB|P.O. Box 775, 1790 Maecenas Ave
Whilemina|Vasquez|tempor.diam.dictum@arcu.edu|16350223 7377|Hulst|Zl|P.O. Box 190, 5594 Eu Ave
Amber|Sweeney|odio.semper@Fuscediamnunc.ca|16611026 2323|Palopo|SN|P.O. Box 338, 3040 Sit St.
Stella|Jacobson|semper.cursus@interdum.net|16070412 2555|Baton Rouge|LA|P.O. Box 888, 6521 Consequat St.
Stewart|Mccray|odio.tristique@metusVivamus.edu|16910507 5999|Rugby|WA|Ap #500-9376 In Rd.
Orla|Hammond|convallis.ligula@fringillaornare.org|16791121 3333|Vienna|Vienna|Ap #837-5210 Volutpat. Road
Brent|Mcleod|bibendum.ullamcorper.Duis@rutrumFuscedolor.net|16980705 9366|Ivanovo|Ivanovo Oblast|5044 Fermentum Rd.
Daquan|Casey|volutpat@Suspendissealiquet.ca|16170528 3313|Yeongju|North Gyeongsang|P.O. Box 767, 6984 Nam Rd.
Sharon|Short|dictum@sociisnatoque.co.uk|16200811 2449|Apartadó|Antioquia|695-4775 Non St.
Buffy|Combs|Duis.sit.amet@DuisgravidaPraesent.co.uk|16331115 0845|Kalgoorlie-Boulder|WA|434-9011 Faucibus. St.
Kerry|Stanley|est@FuscemollisDuis.org|16550930 7863|Tarnów|MP|625-9207 Ac St.
Dane|Bartlett|purus@aaliquet.net|16881124 3081|Kano|KN|Ap #974-2557 Id Ave
Olivia|Rogers|tincidunt@fermentummetus.com|16190409 8793|Vehari|Punjab|Ap #495-7582 Ut, Avenue
Melinda|Sharpe|Nunc.ac@commodo.edu|16820518 6300|Manukau|NI|P.O. Box 636, 9720 Conubia Street
Olga|Meyers|cursus.Integer.mollis@feugiatplaceratvelit.net|16121202 4556|Abbottabad|KPK|Ap #360-3535 Ut Rd.
Sloane|Wheeler|Nunc.sollicitudin.commodo@auctor.co.uk|16881120 7623|Kelso|Roxburghshire|P.O. Box 705, 865 Aliquet Ave
Silas|Pace|mus@Duisacarcu.co.uk|16990123 6977|Hamburg|Hamburg|8574 Nulla Rd.
Trevor|Dorsey|ipsum.dolor.sit@acfermentumvel.net|16201013 7707|Cañas|Guanacaste|9203 Amet Rd.
Olympia|Gutierrez|mauris@malesuadaInteger.com|16150602 8412|Kayseri|Kayseri|384-7467 Eget St.
Chaney|Hansen|lorem.vitae.odio@necurnaet.org|16160503 5797|Mexico City|Mexico City|P.O. Box 835, 1597 Non Road
Brendan|Todd|magna.a@etlaciniavitae.edu|16630415 8220|Township of Minden Hills|Ontario|121-588 Laoreet St.
Sopoline|Glover|vitae@eratsemper.org|16340609 0138|Lambayeque|Lambayeque|8062 Nibh St.
Robert|Burt|Integer@ametanteVivamus.org|16860221 4150|Thuin|HE|512-2856 Neque Street
Brynn|Long|turpis@Duis.com|16460311 3194|Sakhalin|SAK|P.O. Box 886, 8760 Suspendisse Rd.
September|Patrick|auctor.Mauris@Morbisitamet.co.uk|16540518 7559|Vetlanda|F|Ap #356-8925 Egestas. Street
Patricia|Paul|Duis@antedictum.ca|16410720 7831|Kohat|KPK|3286 Feugiat St.
Amelia|Cannon|sodales.elit@iaculis.ca|16480318 8897|Namur|QC|370-7003 Malesuada Avenue
Ramona|Johnston|nibh.sit@auctorullamcorper.net|16751103 0210|Piana degli Albanesi|SIC|P.O. Box 341, 6657 Erat. Rd.
Cameron|Delgado|egestas.a.scelerisque@disparturient.co.uk|16500805 8066|Goderich|ON|611-8220 Venenatis Street
Helen|Huffman|eu.odio@ultricesposuere.com|16430303 4450|Hohenems|Vbg|Ap #787-6653 Taciti Road
Yasir|Compton|bibendum.Donec@laciniaat.org|16260301 2770|Łódź|LD|P.O. Box 313, 4448 Aliquam Rd.
Cedric|Jennings|arcu.imperdiet@risusat.net|16090615 6419|Aserrí|San José|670-2683 Quis Rd.
Raymond|Norman|dui@venenatisvel.co.uk|16140321 3612|Toledo|OH|3614 Convallis Avenue
Blaze|Terrell|pede.Nunc@aliquetnecimperdiet.org|16810105 0204|Neeroeteren|L.|Ap #971-8670 Cursus. Street
Nelle|Kirkland|iaculis.nec.eleifend@consequatnec.com|16190906 0087|Caucaia|CE|821-1912 Justo Ave
Xander|Sellers|cursus.purus.Nullam@nonummyutmolestie.co.uk|16350401 4493|Nonsan|South Chungcheong|937-195 Nullam St.
Jackson|Dalton|adipiscing.lacus@faucibusorciluctus.ca|16711028 3608|Polatlı|Ank|271-7044 A, St.
Gil|Arnold|luctus@ullamcorperDuisat.edu|16410221 5474|Cherepovets|VLG|Ap #191-1212 Semper Road
Galena|Reilly|ut.cursus@enimSednulla.ca|16931027 5780|Zavitinsk|AMU|Ap #942-1376 Aliquet Rd.
Orli|Simon|elit.sed@egetvenenatisa.edu|16121116 1490|Norrköping|E|Ap #768-9842 Ad St.
Kiona|Aguilar|orci.adipiscing.non@Nullasemper.org|16031224 3470|Torrevieja|CV|Ap #621-3808 Purus Road
Tucker|Patel|fringilla.ornare@Suspendisse.ca|16380909 5106|Berlin|Berlin|9492 Aliquet, Street
Nyssa|Hill|et.ipsum.cursus@Integerurna.org|16241127 0883|Prince Albert|SK|264-3701 Duis St.
Dillon|Snow|lectus.Nullam.suscipit@Donecporttitor.com|16740213 9922|Kano|KN|Ap #578-3761 A Av.
Jackson|Lynch|est.arcu.ac@convallisconvallis.org|16131107 0732|Granada|AN|5516 Donec Ave
Jenette|Durham|Class.aptent.taciti@sit.org|16731112 1169|Siheung|Gyeonggi|P.O. Box 719, 8646 Arcu. Avenue
Miranda|Cherry|Aliquam@pellentesquetellussem.co.uk|16481127 4564|Rionegro|Antioquia|128-1761 Ultricies Road
Myles|Spears|nisi.sem.semper@Maurisutquam.co.uk|16800507 9069|Hollogne-sur-Geer|LU|280-3371 Lorem Rd.
Hedley|Stuart|nec.metus.facilisis@adipiscing.edu|16990317 7674|Durham|Durham|P.O. Box 617, 9288 Orci, Ave
Hilda|Rivers|id@lacusMaurisnon.org|16001209 3951|Kirov|KIR|511 Et, Street
Naomi|Bray|Suspendisse.tristique.neque@Proin.co.uk|16360529 3285|Ulloa (Barrial)|H|P.O. Box 670, 1603 Et St.
Jena|Foreman|sem.consequat.nec@urnaNullamlobortis.ca|16950127 1853|Osan|Gyeonggi|874-7751 Ipsum Rd.
Deirdre|Delaney|gravida.molestie@utnisi.ca|16820314 7601|León|CL|Ap #333-3776 Convallis, Rd.
Kadeem|Frank|venenatis.lacus@ornare.ca|16430505 3086|Mangalore|KA|P.O. Box 108, 9760 Pede, Rd.
Lois|Winters|lacus@nisidictumaugue.edu|16670123 7841|Lidingo|Stockholms län|Ap #356-2288 Magna Rd.
Warren|Flores|eget@Nulla.edu|16340821 4843|Pishin Valley|Balochistan|323-6742 Lacinia St.
Benjamin|Gill|mollis.non@enim.co.uk|16070415 0200|Belfast|Ulster|5388 Luctus Avenue
Chandler|Joyner|nulla.In@semmagnanec.co.uk|16420203 6457|Awaran|BL|Ap #917-4366 Ut, Rd.
Farrah|Gomez|cursus.a.enim@Maurisutquam.ca|16641102 0677|Berlin|Berlin|Ap #756-8896 Nisl. St.
Cyrus|Dickson|interdum@miloremvehicula.edu|16140507 9342|Tonalá|Jal|8075 Accumsan St.
Yeo|Langley|sem@convallisin.ca|16511126 0674|Braies/Prags|Trentino-Alto Adige|7653 Euismod Av.
Mercedes|Peters|Aliquam.fringilla@tempusscelerisque.ca|16290707 5804|Yekaterinburg|SVE|219-7602 Auctor Rd.
Quamar|Bond|diam.Sed.diam@erat.ca|16851201 7438|Topeka|KS|P.O. Box 441, 414 Montes, Rd.
Jakeem|George|urna@augue.ca|16951105 5395|Machalí|O'Higgins|P.O. Box 637, 8825 Nascetur St.
Ishmael|Gamble|mi.tempor.lorem@tincidunt.co.uk|16570701 2034|Vitry-sur-Seine|Île-de-France|P.O. Box 866, 716 Erat Ave
Barclay|Tucker|Lorem@Integervitaenibh.org|16920414 1239|Orléans|CE|3373 Etiam Rd.
Yuli|Campbell|lobortis.risus@tristiquealiquet.org|16940625 8500|Lakeland County|Alberta|164-782 Mauris Avenue
Merritt|Albert|nisi.Cum@Aliquam.net|16710807 5156|Hallein|Sbg|940-2406 Laoreet Road
Farrah|Morrow|iaculis.quis.pede@laoreetliberoet.co.uk|16350108 4580|Paulista|PE|527-8820 Augue, Road
Noelani|Chandler|orci@Proinvelarcu.org|16340906 3124|Whakatane|North Island|P.O. Box 592, 2758 A, Ave
Joel|Pugh|faucibus.Morbi@montesnascetur.edu|16620117 3090|Hawera|North Island|P.O. Box 643, 3597 Donec Street
Cameron|Baker|lorem@purus.edu|16840611 1966|Newbury|Ontario|Ap #168-5229 Nisi Street
Nolan|Wheeler|tincidunt@nuncullamcorper.com|16510808 1265|Udaipur|RJ|4781 Interdum. Av.
Ira|Collins|lobortis@est.edu|16731218 2731|Fayetteville|Arkansas|P.O. Box 250, 5419 Nec, Av.
India|Buckner|sagittis@Crasvehiculaaliquet.org|16600925 8515|Hilo|HI|Ap #619-3456 Curabitur Avenue
Rooney|Wolf|consequat@Phasellus.co.uk|16310425 7062|Gasteiz|PV|4174 Vitae Av.
Hayley|Chambers|sed@iaculisquis.net|16980708 8910|Barcelona|Catalunya|P.O. Box 517, 2827 Nec, Road
Cheryl|Battle|massa@lectus.edu|16050910 2067|Huancayo|JUN|4713 Vestibulum Rd.
Cynthia|Colon|sapien.cursus.in@aliquam.co.uk|16371205 9397|Bear|DE|438-5542 Pellentesque Rd.
Adrian|Martinez|sed.turpis@mienimcondimentum.org|16761025 9231|Banjarbaru|South Kalimantan|9040 Urna. Avenue
Violet|Jarvis|ultricies.ligula.Nullam@turpisIn.org|16630130 9412|Hawera|North Island|P.O. Box 919, 8469 Placerat, Rd.
Hayden|Faulkner|ante.iaculis.nec@imperdietnonvestibulum.ca|16331024 1298|Çermik|Diyarbakır|P.O. Box 106, 6397 Nunc Rd.
Ariana|Elliott|imperdiet.ullamcorper@egetlaoreetposuere.com|16850921 0210|Tarma|Junín|P.O. Box 927, 9664 Ut St.
Montana|Velasquez|lobortis.Class.aptent@orcilacusvestibulum.org|16301011 6899|Hamburg|Hamburg|345-4971 Dapibus St.
Beck|Walton|Proin@Nullatemporaugue.org|16231006 0880|Piła|WP|548-6628 Orci. Road
Irene|Ferguson|Phasellus.dapibus@erosProinultrices.com|16090124 0606|Sluis|Zl|P.O. Box 621, 9498 Nunc Road
Jennifer|Duffy|non.magna.Nam@tempus.co.uk|16760903 0270|Flushing|Zeeland|P.O. Box 672, 4400 Sed Rd.
Malcolm|Daniel|sapien@SednequeSed.edu|16930406 2715|Port Blair|AN|306-1678 Sodales. Rd.
Burke|Wilson|lobortis@tinciduntDonecvitae.ca|16821205 5316|Stargard Szczeciński|ZP|P.O. Box 916, 7199 Purus. Rd.
Walker|Camacho|tellus.Aenean.egestas@turpisnecmauris.net|16810607 9141|Carnoustie|AN|854-1861 Lacinia Av.
Ursa|Ewing|malesuada.Integer@ligula.net|16010726 4590|Cusco|CUS|Ap #372-3638 Tellus, Avenue
Chanda|Day|enim@faucibusidlibero.org|16430802 6063|Yangju|Gyeonggi|737-3074 Lacus, Rd.
Winter|Fitzpatrick|magna.tellus.faucibus@Vivamussit.edu|16390204 6139|Beauport|Quebec|Ap #809-3326 A Ave
Megan|Herman|erat.Vivamus@sociis.co.uk|16241026 7435|Kraków|MP|P.O. Box 279, 8185 Sapien. St.
Isabelle|Ramsey|Aliquam@Sed.org|16681011 0236|Nampa|Idaho|920-6229 Nulla Street
Kuame|Nicholson|vel.arcu.Curabitur@convallis.ca|16011026 7606|Contagem|Minas Gerais|Ap #100-5462 Duis Ave
Carson|Holloway|in.faucibus@ultricies.net|16050908 4448|Konin|Wielkopolskie|724-9237 Quis St.
Dorian|Gaines|Donec.dignissim.magna@euismod.ca|16630814 2790|Alajuela|Alajuela|P.O. Box 674, 2844 Cum St.
Idola|Harvey|egestas.lacinia.Sed@NuncmaurisMorbi.com|16320419 2904|Cartagena|MU|P.O. Box 219, 5886 Nunc Ave
Hedy|Estrada|ultrices.Vivamus.rhoncus@eratsemper.org|16100207 3623|Orangeville|ON|449-5456 Ut St.
Blaine|Joyner|mollis.non.cursus@mollisPhasellus.ca|16850627 6552|Newbury|Ontario|Ap #871-9278 Etiam Rd.
Oren|Rich|magna@indolorFusce.com|16260528 1811|Grasse|Provence-Alpes-Côte d'Azur|540-8315 Iaculis Rd.
Alice|Rogers|dolor.dapibus.gravida@ligula.ca|16690701 3764|Aberdeen|Aberdeenshire|2200 Adipiscing Street
Megan|Bauer|ornare.In@diam.org|16440213 2700|Semarang|JT|738-2701 Interdum Ave
Raven|Franks|Donec@Vestibulumut.ca|16850826 6403|Märsta|AB|5042 Dapibus St.
Leo|Travis|suscipit.nonummy@dictumeleifend.edu|16591213 6339|Sudhanoti|Azad Kashmir|Ap #751-9489 Lacus. St.
Gwendolyn|Johnson|dictum@mifelisadipiscing.net|16621108 5235|Zaria|Kaduna|Ap #491-3089 Vehicula Street
Shannon|Haynes|Nunc.mauris@urna.com|16140807 0710|Stargard Szczeciński|Zachodniopomorskie|6358 Cras Road
Fuller|Winters|risus@Etiamimperdiet.ca|16841018 3886|Gölcük|Koc|Ap #930-4859 Ut Rd.
Ciaran|Robbins|laoreet@Integer.com|16331215 5017|Rionegro|Antioquia|P.O. Box 879, 7410 Morbi St.
Walker|Kinney|natoque.penatibus.et@Nulla.net|16020629 8689|Chilpancingo|Guerrero|P.O. Box 447, 7460 Curabitur Road
Hollee|Reed|euismod@ProindolorNulla.net|16890301 7831|Madiun|JI|5782 Tincidunt Rd.
Lionel|Austin|porttitor@blanditatnisi.ca|16251124 5736|Ottawa|ON|P.O. Box 516, 2422 Orci. St.
Honorato|Hatfield|ridiculus.mus.Proin@Phaselluslibero.net|16390929 4856|Llanquihue|Los Lagos|708-4488 Pulvinar Rd.
Anjolie|Briggs|erat@ipsum.co.uk|16830921 5682|Sakhalin|SAK|Ap #701-612 Ut, Rd.
George|Ward|sapien@id.org|16570310 9289|Rionegro|Antioquia|Ap #903-2436 Egestas. Ave
Abel|Mercer|iaculis.aliquet.diam@sapien.co.uk|16690908 0183|Warwick|Ontario|P.O. Box 336, 9101 Non, Rd.
Adam|Puckett|commodo.at.libero@pretiumet.com|16891210 4810|Dublin|L|P.O. Box 318, 5687 Per Rd.
Rhiannon|Montgomery|dolor@enim.edu|16551122 8941|Laon|PI|P.O. Box 158, 1071 Amet, Road
Colby|Romero|turpis.egestas@Integeridmagna.com|16120722 5309|Vejano|LAZ|Ap #570-8166 Metus Rd.
Susan|Moody|Phasellus.vitae@PhasellusnullaInteger.ca|16030623 0327|Asansol|WB|7240 Tortor Avenue
Joshua|Adams|tempus.mauris@tinciduntaliquam.com|16040421 9040|Pontevedra|GA|1639 Pede Rd.
Lawrence|Mcconnell|risus.odio@Loremipsumdolor.co.uk|16301224 3030|Magangué|BOL|1618 Quam Avenue
August|Clements|Fusce.aliquam.enim@duiaugue.com|16130410 7616|Tranås|Jönköpings län|Ap #942-3470 Sagittis Rd.
Regan|Contreras|eleifend.nec.malesuada@nisiaodio.org|16821023 3287|Blitar|East Java|912-2373 Malesuada Ave
Griffin|Gillespie|In@nibhdolor.com|16921111 0508|Bida|NI|P.O. Box 634, 6891 Leo. St.
Wendy|Grimes|facilisis.lorem.tristique@Morbinequetellus.com|16260701 5852|Qambar Shahdadkot|SI|Ap #577-6343 Erat St.
Yetta|Avila|est.vitae.sodales@nec.org|16661209 3622|Tver|Tver Oblast|P.O. Box 884, 1394 Justo Av.
Fredericka|Monroe|Maecenas.malesuada@velfaucibus.org|16320222 8585|Funtua|KT|9720 Donec St.
Aimee|Davidson|massa@mauris.org|16211101 0068|Banjar|West Java|324-6327 Nulla Avenue
Liberty|Cotton|senectus@neccursusa.com|16740306 4962|Tirrases|San José|Ap #961-3225 Integer Av.
Anjolie|Carey|nec.enim.Nunc@Phasellusin.ca|16700409 5506|La Paz|Baja California|P.O. Box 529, 497 Non, Road
Paloma|Navarro|dictum@nislMaecenasmalesuada.edu|16630528 3670|Skövde|O|Ap #290-6422 Sollicitudin Rd.
Sybill|Wallace|rhoncus@risus.co.uk|16250303 1367|Toowoomba|Queensland|714-4686 Nunc Street
Octavia|Buckner|Duis.ac.arcu@Nullamscelerisqueneque.net|16501117 3357|Calera de Tango|RM|Ap #496-4055 Dictum St.
Clark|Marsh|eros.Nam.consequat@iaculisenim.ca|16710608 4283|Multan|Punjab|728-5566 Non, Rd.
Zenia|Monroe|nec.eleifend.non@dapibusgravidaAliquam.com|16790319 6215|Empedrado|VII|P.O. Box 594, 3228 Consequat St.
Hilel|Michael|quis.turpis.vitae@interdumfeugiat.com|16201222 8009|Chapecó|Santa Catarina|5931 Egestas. Rd.
Jordan|Fuller|suscipit@dictumeleifend.com|16440526 2496|La Paz|Baja California|P.O. Box 524, 3897 Ac Av.
Aphrodite|Nolan|quis@pedeac.ca|16780523 2878|San Juan de Dios|SJ|Ap #422-8522 Consectetuer Rd.
Maia|Henson|nunc.ac.mattis@Donec.org|16290321 3375|Campbeltown|AR|P.O. Box 909, 9927 Vitae St.
Gwendolyn|Harrison|Donec@Donec.org|16071027 3269|San Nicolás|Cartago|Ap #368-1660 Ornare Rd.
Ella|Cline|risus.Nunc@vulputateduinec.net|16840321 9002|Marabá|Pará|P.O. Box 843, 9895 Eleifend Ave
Sylvia|Sparks|Donec.tincidunt@vitae.org|16861011 1927|Lambayeque|Lambayeque|729-7926 Fames Rd.
Keegan|Ashley|semper.Nam@Donecsollicitudin.org|16221109 4301|Santander|Cantabria|178 Elit Rd.
Sonia|Schmidt|tempus.risus@blanditatnisi.co.uk|16330805 5973|Åkersberga|Stockholms län|209-6089 Aliquam Ave
Sade|Middleton|amet.metus.Aliquam@fringillaporttitorvulputate.com|16290905 9772|Diyarbakır|Diyarbakır|Ap #559-1690 Tincidunt Rd.
Stephanie|Peters|montes@odio.org|16690912 3546|Bharuch|GJ|Ap #819-927 Libero. Rd.
Felix|Mccullough|morbi.tristique.senectus@sollicitudinamalesuada.ca|16601112 9803|Welland|Ontario|8286 Maecenas Road
Harriet|Hubbard|a.aliquet@imperdiet.ca|16730322 5390|Åkersberga|Stockholms län|P.O. Box 965, 8769 Libero Road
Beverly|Wise|egestas@turpis.org|16680309 1617|Abaetetuba|Pará|110-545 Ligula Street
Farrah|Hurley|Mauris.quis.turpis@Quisquenonummy.ca|16731101 7987|Mokpo|Jeo|6688 Ornare Rd.
Ariel|Underwood|quis@sedsapienNunc.net|16940428 4995|Heusden|Noord Brabant|P.O. Box 144, 7452 Erat Road
Knox|Mcguire|varius.et@nibhPhasellusnulla.ca|16410629 4038|Saltillo|Coahuila|Ap #127-2017 Pellentesque. St.
Kenneth|Bender|dictum.mi.ac@inhendreritconsectetuer.com|16841129 4609|Wattrelos|Nord-Pas-de-Calais|2015 Non Rd.
Cruz|Dyer|non.vestibulum@risus.co.uk|16071129 1120|San Felipe|Valparaíso|1651 Elit. Ave
Buffy|Herman|dictum.eleifend@tortordictumeu.org|16440916 8681|Yekaterinburg|SVE|Ap #579-4492 Interdum St.
Alfreda|Schneider|aliquet.sem.ut@etmagnisdis.edu|16121114 7002|Cusco|Cusco|972-3209 Sit Av.
Tatiana|Ayers|vestibulum.nec@magnaPraesentinterdum.com|16610325 7009|Abbottabad|Khyber Pakhtoonkhwa|782 Nulla Avenue
Drake|Petty|a.arcu.Sed@aliquamadipiscinglacus.edu|16171122 3543|Veere|Zl|P.O. Box 316, 7675 Aliquam Av.
Preston|Jones|hendrerit.consectetuer@aliquetPhasellusfermentum.org|16510208 1972|Lidingo|AB|Ap #620-4258 Accumsan Rd.
Judah|Byrd|placerat.orci.lacus@blandit.edu|16890128 4862|Albury|NSW|P.O. Box 498, 6804 Id, Avenue
Jordan|Strong|vulputate.posuere.vulputate@Aliquamvulputate.edu|16201122 7911|Armstrong|BC|Ap #644-2789 Et Street
Malachi|Duncan|Cras@facilisisvitaeorci.co.uk|16171223 3939|Quimper|BR|Ap #841-3797 Euismod Avenue
Brett|Burt|Fusce@diam.ca|16440621 9362|Cajamarca|CAJ|P.O. Box 161, 3137 Dolor Road
Beau|Pruitt|ligula.Aenean.euismod@egestasascelerisque.ca|16760809 6702|Penza|Penza Oblast|513-9951 Viverra. Street
George|Becker|tempus.risus.Donec@lobortistellus.edu|16950308 1052|Kaliningrad|KGD|702-2376 Quisque Rd.
Brendan|Daniels|Suspendisse.dui@auctor.edu|16480425 4391|Kearny|ON|162-9536 Duis St.
Hannah|Nixon|Nunc.commodo.auctor@egestasurna.org|16750727 9029|Apartadó|Antioquia|5693 Commodo Rd.
Brenna|Avila|varius@Loremipsum.org|16870801 6392|Kapiti|NI|204-7345 Convallis Avenue
Jemima|Mcdonald|sem@miacmattis.org|16581201 2663|Sabanalarga|Atlántico|422-5607 Nostra, Rd.
Joel|Vincent|vitae.diam.Proin@imperdietornareIn.net|16521015 1774|Gary|IN|P.O. Box 804, 2838 Sit Street
Kerry|Casey|eu@Sed.edu|16060209 8725|Galway|Connacht|Ap #288-988 Non St.
Kristen|Eaton|porta.elit.a@feugiat.edu|16020911 6995|Ankara|Ank|857-467 Massa. St.
Noelle|Nolan|pede.malesuada@egestasrhoncusProin.net|16790301 1711|Nelson|South Island|P.O. Box 572, 5474 Donec St.
Gabriel|Hood|eget@elit.edu|16360323 0982|Pachuca|Hidalgo|745-8624 Vitae, St.
Perry|Lynn|Fusce.aliquam@vulputateduinec.ca|16431126 7423|Belfast|U|Ap #624-7901 A, St.
Lawrence|Harrell|Fusce.mi.lorem@Quisquefringilla.net|16240930 4322|Hofors|X|7317 Tincidunt. Ave
Indigo|Blake|velit.egestas@molestiearcu.org|16950630 7637|Cartagena|Bolívar|P.O. Box 280, 4969 In, St.
Honorato|Gilliam|mi.ac.mattis@ametorciUt.com|16030212 5489|Las Cabras|O'Higgins|390-6452 Amet St.
Donna|Pittman|cursus@enimgravida.co.uk|16730215 0367|Masone|LIG|9049 Ut Ave
Trevor|Britt|libero@tempusloremfringilla.co.uk|16590605 1338|Huaraz|ANC|Ap #865-3542 Accumsan Rd.
Dillon|England|in.faucibus@malesuadaid.com|16210216 1086|Alsemberg|Vlaams-Brabant|125-8192 Orci. Rd.
Colby|Howe|Maecenas.ornare.egestas@eratVivamus.net|16760403 3287|Cinco Esquinas|San José|P.O. Box 562, 892 Aenean St.
Rooney|Slater|nonummy.ac.feugiat@acfacilisis.com|16780619 9167|Belfast|Ulster|428-1773 Suspendisse Road
Shay|Ramsey|arcu.vel.quam@Phasellusdapibus.edu|16050311 2484|Sint-Gillis|Brussels Hoofdstedelijk Gewest|7092 Cursus Rd.
Kenyon|Ware|lorem.semper.auctor@nec.edu|16750608 2135|Denver|CO|P.O. Box 509, 8593 Adipiscing. Ave